Metric,Value
SRMR,0.9239543461073098
d_ULS,31.586590446551693
d_G,33.29173211912502
Chi-square,2134.563298819638
NFI,0.194426578514188
